eventType,avg_diva,num_performances
basketball,294.42343817758194,23
football,276.230845964133,33
political,272.04856807647604,8
baseball,236.5819598777159,57
racing,200.2732437354967,5
hockey,192.37556583364534,10
n/a,0.0,1
