artistGenre,avg_diva,num_performances
rnb,4544.542716912737,41
classical,4499.426745073184,3
christian,4228.50575574209,2
pop,3829.446841479354,41
broadway,3568.9915122893385,4
country,3032.2872295984203,27
jazz,3017.821796177895,2
rock,2618.7839241376896,14
folk,2320.4198775391224,2
n/a,0.0,1
