phrase_i,avg_diva
0,96.13399333387147
1,130.12647503979795
2,269.7258088816282
3,131.4276552608139
4,111.54025463243302
5,149.07428145792056
6,211.3353497448407
7,134.62942533936717
8,223.68494932743758
9,244.49140423927068
10,237.77569853191022
11,398.41801965787585
12,358.8380612498627
13,345.8984496465828
14,397.5192015003318
15,585.9446339849707
