id_start,similarity_score
carrie-underwood,1380.8448622073668
jordin-sparks,2241.8094764957373
jewel,4998.623846614824
mary-j-blige,2682.397668012314
kelly-clarkson,4068.719270415288
demi-lovato,2951.522203031693
billy-joel,1799.3608374376884
